case,raw_late_minutes,arrival_grace_minutes,expected_chargeable_minutes
integer_above_grace,32,15,17
integer_below_grace,9,15,0
negative_raw_is_clamped,-5,0,0
equal_grace,15,15,0
zero_raw_negative_grace,0,-4,0
negative_zero_raw,-0,0,0
positive_half_rounds_up,0.5,0,1
positive_half_after_integer,1.5,0,2
positive_second_half_rounds_up,2.5,0,3
negative_half_rounds_toward_positive_infinity_then_clamps,-0.5,0,0
raw_and_grace_round_independently,1.5,0.5,1
grace_half_tie_rounds_up,2.5,1.5,1
grace_more_than_rounded_raw,1.5,2.5,0
nan_raw_uses_zero,NaN,2,0
nan_grace_uses_zero,5,NaN,5
positive_infinite_raw,Infinity,2,Infinity
negative_infinite_raw_clamps_to_zero,-Infinity,2,0
infinite_minus_infinite_is_nan,Infinity,Infinity,NaN
