ts	phase	decision	why	evidence	result
2026-10-02T09:56:16+05:30	architecture	Choose Leptos CSR with Trunk and feature-owned Rust views behind a typed Firebase JavaScript bridge	The independent comparison favors clearer feature ownership and an explicit organization-generation fence while preserving the official Firebase SDK and browser worker boundaries	/tmp/arena-hrflow-rust-web/judge.md; /tmp/arena-hrflow-rust-web/leptos.md; docs/RUST_MODULE_MIGRATION_MAP.md:7-11	chosen for the web/PWA plan only
2026-10-02T09:56:16+05:30	architecture	Keep Auth credentials in the browser and JavaScript boundary, retain the JavaScript service worker, and prove transaction decision interop before migrating writes	The browser owns secrets and worker lifecycle, and Firestore transactions must keep their SDK retry and atomicity behavior	/tmp/arena-hrflow-rust-web/judge.md; /tmp/arena-hrflow-rust-web/dioxus.md; /workspace/hrflow-rust-migration/src/lib/firebase.js	chosen; transaction bridge remains unproven until emulator tests
2026-10-02T09:56:16+05:30	branch	Use feat/hrflow-rust-web-migration at c191ae98a8789e1b5cb93edcd904182ceb8f36e2 as the only source baseline and preserve existing pilot files	The worktree HEAD equals published origin/main, while the protected PWA checkout contains user-owned changes and must not be touched	/workspace/hrflow-rust-migration/docs/RUST_WORKSPACE.md:3-15; /workspace/hrflow-rust-migration/docs/RUST_MODULE_MIGRATION_MAP.md:1-3	confirmed; no source staging or branch publication in this task
2026-10-02T09:56:16+05:30	scope	Limit this plan to the web/PWA and keep Android paused	The user selected web/PWA first and deferred Android; the map treats Android UI ownership as a separate unresolved client decision	/workspace/hrflow-rust-migration/docs/RUST_MODULE_MIGRATION_MAP.md:1-11	web/PWA scope fixed; Android excluded
2026-10-02T09:56:16+05:30	inventory	Track all 25 desktop registry IDs and all 22 mobile registry IDs separately, including the hidden desktop chat entry	The source declares separate registries and preserves distinct mobile Team Chat visibility	/workspace/hrflow-rust-migration/src/pages/Dashboard.jsx:301-325; /workspace/hrflow-rust-migration/src/components/MobileDashboard.jsx:368-398; docs/RUST_MODULE_MIGRATION_MAP.md:49	47 registry entries enumerated
2026-10-02T09:56:16+05:30	sequence	Freeze source contracts and React baselines before build proof, then establish auth and organization safety before shell and read-only feature waves	A frozen oracle, paired measurements, and tenant-safe typed reads reduce the risk of porting assumptions into production workflows	docs/RUST_MODULE_MIGRATION_MAP.md:51-61; /workspace/hrflow-rust-migration/docs/RUST_MIGRATION_STACK.md:7-16	ordered as Units 1-5
2026-10-02T09:56:16+05:30	sequence	Migrate financial inputs before payroll and keep attendance, leave, corrections, approvals, and payroll locks behind one shared release invariant	The source workflows share persisted state and payroll locks, so an independent write switch could violate cross-module data integrity	/workspace/hrflow-rust-migration/docs/RUST_MODULE_MIGRATION_MAP.md:36-40	ordered before the Payroll capstone
2026-10-02T09:56:16+05:30	guardrail	Keep React production-authoritative until every route, workflow, data, access, PWA, accessibility, performance, and rollback gate passes	The Rust pilots and candidate proposals do not prove production parity and the user requested isolation through successful verification	/workspace/hrflow-rust-migration/docs/RUST_MODULE_MIGRATION_MAP.md:17-24; /workspace/hrflow-rust-migration/docs/RUST_MODULE_MIGRATION_MAP.md:61	cutover remains closed until Unit 8
2026-10-02T09:56:16+05:30	validation	Do not run the vendored check-plan validator; validate locally because its required Cursor lanes and automation are unavailable	The script hard-requires ten live screenshot lanes and PR review/control contracts that this environment cannot run without inventing results	tools/cursor-plugin-snapshots/pstack/skills/poteto-mode/scripts/check-plan.mjs:19-27; tools/cursor-plugin-snapshots/pstack/skills/poteto-mode/scripts/check-plan.mjs:137-180; tools/cursor-plugin-snapshots/pstack/skills/poteto-mode/playbooks/multi-phase-plan.md:13-15	incompatible; local structural and guardrail checks required
2026-10-02T09:56:16+05:30	validation	Do not add a second plan approval gate because implementation is already authorized	The plan-writing deliverable does not alter the user's authorization or ask to start a separate approval workflow	tools/cursor-plugin-snapshots/pstack/skills/poteto-mode/playbooks/multi-phase-plan.md:3-11	plan is an execution checklist, not a new go/no-go request
2026-10-02T09:58:20+05:30	audit	Supersede the stack-guidance evidence pointer in the sequence decision row with its actual repository-root path	The migration stack note is at the worktree root, not under docs; the original log row remains as append-only history	/workspace/hrflow-rust-migration/RUST_MIGRATION_STACK.md:7-16	evidence pointer corrected; current path resolves
2026-10-02T09:59:38+05:30	validation	Validated the plan locally and left check-plan.mjs unrun because its ten-lane and Cursor-control requirements are unavailable	The source inventories match exactly, all 104 workflow boxes, eight units, and nine gates are countable, and all active evidence paths resolve	/tmp/manus-session-runtime-2396595163/terminal-output-321691677.txt; docs/RUST_WEB_MIGRATION_PLAN.md; tools/cursor-plugin-snapshots/pstack/skills/poteto-mode/scripts/check-plan.mjs	local structural, link, route, guardrail, and evidence checks pass
2026-10-02T10:00:40+05:30	review	Accept the review findings and count source-distinct role/surface cases as well as workflow items	The 25 and 22 registry IDs do not alone prove every role-specific visibility case, and Unit 1 may add source-confirmed workflow items; freeze final denominators before Rust feature work	/workspace/hrflow-rust-migration/docs/RUST_MODULE_MIGRATION_MAP.md:32-49; /workspace/hrflow-rust-migration/src/pages/Dashboard.jsx; /workspace/hrflow-rust-migration/src/components/MobileDashboard.jsx	corrected in plan; reviewer model name unavailable from the subtask tool
2026-10-02T10:03:07+05:30	review	Re-review the role/surface and workflow denominator corrections	The updated plan requires source-derived R and W counts before Rust feature work, and includes both in the final done and cutover predicates	/workspace/hrflow-rust-migration/docs/RUST_WEB_MIGRATION_PLAN.md; /workspace/hrflow-rust-migration/docs/RUST_MODULE_MIGRATION_MAP.md; /workspace/hrflow-rust-migration/src/pages/Dashboard.jsx; /workspace/hrflow-rust-migration/src/components/MobileDashboard.jsx	PASS; no remaining flags; reviewer model name not exposed
2026-10-02T10:03:38+05:30	validation	Finalize the two planning artifacts after source, route, count, link, audit, and branch checks	The final plan contains all 16 mapped areas, 104 current workflow checks, 25 desktop and 22 mobile source IDs, frozen W/R rules, eight units, and nine gates	/workspace/hrflow-rust-migration/docs/RUST_WEB_MIGRATION_PLAN.md; /workspace/hrflow-rust-migration/docs/RUST_MODULE_MIGRATION_MAP.md; /workspace/hrflow-rust-migration/src/pages/Dashboard.jsx; /workspace/hrflow-rust-migration/src/components/MobileDashboard.jsx	PASS; no source edits, commits, staging, pushes, deployments, or Firebase access in this planning task
2026-10-02T04:37:44+00:00	guardrail	Require local-only browser and emulator verification; prohibit every Rust deployment and main merge through all nine final gates and separate user-approved cutover	User clarified that the migration must remain isolated: external, preview, and staging deployments are prohibited before a later approved cutover; all test credentials and data must be synthetic or emulator-only, with no production Firebase.	/workspace/hrflow-rust-migration/docs/RUST_WEB_MIGRATION_PLAN.md	corrected Unit 1/2 and Units 3-8, all nine gates, rollback, and cutover boundary for local-only verification; no source changes, commits, staging, pushes, deployments, or Firebase access
2026-10-02T11:13:31+05:30	validation	Remove the duplicated orphaned footer from the authenticated-synthetic baseline helper	The appendix and README write already ended at line 228; a second copied marker, closing delimiter, README rewrite, and print block caused the unterminated triple-quoted syntax error. Removing only that trailing duplicate preserves the documented inputs, rendering, and marker replacement behavior.	/workspace/hrflow-rust-migration/.audit/rust-web-migration-evidence/U01/baseline/authenticated-synthetic/append-readme.py; /tmp/verify_u01_append_readme.py; /tmp/hrflow-u01-helper-test-k87e2m12/U01/baseline/README.md; /tmp/hrflow-u01-helper-test-k87e2m12/U01/baseline/authenticated-synthetic/run-2026-10-02T05-27-05-756Z/route-timing-traces.csv	PASS: py_compile; two isolated invocations produced identical README output with one appendix; original capture PNG, manifest, timing CSV, and synthetic seed hashes unchanged; no Firebase service access
2026-10-02T11:23:55+05:30	checkpoint	Record the paused migration as an explicit WIP checkpoint; do not imply Unit 1 completion	User requested a durable checkpoint while migration work is paused; Unit 1 still lacks full role/surface screenshot coverage, offline/error/recovery/query-count evidence, frozen denominators, and complete exit evidence	.audit/rust-web-migration-evidence/U01/role-surface-matrix.tsv; .audit/rust-web-migration-evidence/U01/source-contracts.md; .audit/rust-web-migration-evidence/U01/baseline/README.md	WIP CHECKPOINT ONLY: Unit 1 partial; GitHub publication preserves state and resume context only and does not signify verification, release-gate completion, production readiness, or cutover approval
